reservation_id,probabilite_annulation,reservation_annulee
R002267,0.4641337750963296,1
R002852,0.30922851194231693,0
R003752,0.6369362463462612,1
R009926,0.5918905091239673,1
R000141,0.44292736402997396,0
R004537,0.4931564276750807,1
R004983,0.5821171422610085,1
R005365,0.49716439056688094,1
R006971,0.6689731600361886,1
R008403,0.6225261616162535,1
R008416,0.8854847845089063,1
R009595,0.36140028906363847,0
R009766,0.7968267694883795,1
R000233,0.27979550036684053,0
R000625,0.6545380682344161,1
R002042,0.5788378065786068,1
R003015,0.5953625576747982,1
R003117,0.38681914146542756,0
R003148,0.4823683970318305,1
R003676,0.27903115366363856,0
R006636,0.6387280862066387,1
R008171,0.1979818044437563,0
R002243,0.41726090555290435,0
R002302,0.5333199197738003,1
R002359,0.5590043301126143,1
R002654,0.27008953729228685,0
R003221,0.6997187143253043,1
R003380,0.6183841085676175,1
R004049,0.5410520939205711,1
R008147,0.6313584027289177,1
R009760,0.4381858047843514,0
R000979,0.7107496487723433,1
R003368,0.5712664095167859,1
R009905,0.7080741184360996,1
R002964,0.23948112168268948,0
R003403,0.5962559975336383,1
R003712,0.3252701409815699,0
R004881,0.3745236837088586,0
R006924,0.08895091086527217,0
R008031,0.2961586157249431,0
R009437,0.49611805527450126,1
R000644,0.6157463436300797,1
R002676,0.2962345312348473,0
R003419,0.24065296378008336,0
R005008,0.5708734698885027,1
R005401,0.6313861693649372,1
R005804,0.5485229306637384,1
R007627,0.282605946396068,0
R007851,0.4933506450445169,1
R000525,0.6003965729090699,1
R002285,0.7172027988609245,1
R003011,0.3749936177840654,0
R004110,0.2865827615174575,0
R004282,0.2219825177457466,0
R004532,0.4293900534278457,0
R004992,0.19656753409305075,0
R009219,0.25019329642630617,0
R009479,0.1440219493716356,0
R009731,0.488854144978039,1
R003408,0.5412072473966103,1
R004766,0.467032946183773,1
R005476,0.2373666744924744,0
R009380,0.620378113970871,1
R000792,0.13174235924860944,0
R001704,0.6746573040564219,1
R004631,0.5271117144125036,1
R005547,0.30585735097026884,0
R006305,0.34131162857433006,0
R008428,0.4918794041868459,1
R009641,0.23005145551452968,0
R000736,0.1950113161682735,0
R001176,0.6131769797003821,1
R002092,0.5975596143712376,1
R005356,0.6208250516226204,1
R007599,0.5737027729504418,1
R007696,0.4059924831061946,0
R007792,0.6116740037035071,1
R007832,0.4914367063255524,1
R008743,0.3104583548051024,0
R009077,0.2984024756036837,0
R009886,0.5560885649325469,1
R000268,0.5434400526433093,1
R004304,0.6493397704145787,1
R004455,0.4611646163857348,1
R005150,0.15652804841069398,0
R007424,0.2932023841985256,0
R004557,0.6477749233424154,1
R007129,0.4302339931568294,0
R007311,0.6246539236982328,1
R008725,0.3720389130581387,0
R008814,0.5070012150372807,1
R009426,0.3571658858325428,0
R000064,0.3230446630923042,0
R001270,0.5237237178468703,1
R002221,0.4709388971062884,1
R003274,0.5910935264880065,1
R007834,0.14193345415731562,0
R007847,0.6598209800268802,1
R008511,0.1264019922562552,0
R009727,0.4141856837510726,0
R001899,0.6133135443865232,1
R003259,0.36675326447716766,0
R003570,0.38733972880417894,0
R003800,0.5546170635733476,1
R005121,0.5673183995329684,1
R006029,0.5783189088692808,1
R006602,0.33327240443418094,0
R007495,0.4214203841100644,0
R009482,0.36294289959887044,0
R009883,0.621676680887287,1
R001083,0.7006208408742504,1
R002503,0.2691074043137529,0
R002530,0.29801795202579023,0
R002531,0.21226461456617035,0
R004210,0.6544560325415633,1
R005248,0.6883251513172267,1
R006536,0.5971058151333024,1
R006819,0.17461362872103356,0
R008672,0.3854080627851141,0
R009043,0.307665797123375,0
R009454,0.6146749569165788,1
R000662,0.5570761644013171,1
R002687,0.14185980443434412,0
R002940,0.7603920931427323,1
R003028,0.5923183619557009,1
R003673,0.7757291459734439,1
R005329,0.3779442514594076,0
R005607,0.6643402095736964,1
R001350,0.49707046136364413,1
R002425,0.5795717617799325,1
R002490,0.6560385760595495,1
R003061,0.149155738133089,0
R003184,0.803401102493676,1
R003367,0.2849937319595162,0
R003580,0.3000135305780732,0
R005333,0.6116986279958239,1
R006410,0.6786904563144376,1
R006745,0.627286257149833,1
R008301,0.3168820115434828,0
R009668,0.5199678959924838,1
R001885,0.18823806679373284,0
R003843,0.5254602190120287,1
R006975,0.5053841104168607,1
R007622,0.6237984710504061,1
R008314,0.35269257943129123,0
R000576,0.6123741447310967,1
R000643,0.7523524189607811,1
R001751,0.3592884608586583,0
R002644,0.31848431709935304,0
R002915,0.38478243421052566,0
R004055,0.5970617375189015,1
R004080,0.2423213221742635,0
R004396,0.2306549329695291,0
R004487,0.3496370611581138,0
R004764,0.655344601720709,1
R009236,0.5192974119758611,1
R009248,0.30581898392240187,0
R000868,0.18438505143617226,0
R001921,0.5938908277665305,1
R001980,0.18749016393222498,0
R003255,0.18022673904746617,0
R003352,0.8724314676298596,1
R004781,0.6255548252070758,1
R005451,0.5544455303149806,1
R008598,0.6038850603160651,1
R009008,0.6415030501180272,1
R009902,0.29186431906182153,0
R000840,0.1345786193325913,0
R004985,0.4200727021474148,0
R006216,0.639085193775622,1
R006436,0.5606636083595813,1
R006517,0.53224613406135,1
R007029,0.31838732290354527,0
R008694,0.7077717410830043,1
R009709,0.5607775280724151,1
R000053,0.2617275557574362,0
R001524,0.5659041092189848,1
R002217,0.1609242623421411,0
R003284,0.3530236033965106,0
R004852,0.28739678085692394,0
R006952,0.6417836339332912,1
R008413,0.38907460647759246,0
R009491,0.3450316229801834,0
R009891,0.5278783045943252,1
R000075,0.39519106565865614,0
R001443,0.4698014997097814,1
R001716,0.3175148087113769,0
R002219,0.23686769399434815,0
R003736,0.4959107009552177,1
R004279,0.4642581862331088,1
R005263,0.6599479811947055,1
R005940,0.4693997985115573,1
R006181,0.36464715642178586,0
R006240,0.5528405666608756,1
R006655,0.5508544407153952,1
R006996,0.665474682967903,1
R007158,0.22380748220855445,0
R008257,0.2393120867518598,0
R001596,0.6608361932549078,1
R001679,0.33928011512251566,0
R003841,0.5174317111330504,1
R006340,0.5391261857535319,1
R007191,0.28395585142815477,0
R007815,0.5749250568356273,1
R008658,0.5768521924332458,1
R009907,0.5843224523415371,1
R009942,0.30118956379317213,0
R000237,0.4415082370188982,0
R000785,0.5740479840354243,1
R001208,0.43480380580032474,0
R001392,0.4751456384775605,1
R002478,0.28788676184121104,0
R003276,0.49624218452508695,1
R006442,0.24511382878651572,0
R007884,0.2059975481814153,0
R001513,0.4139447566311311,0
R002750,0.5452767544043048,1
R004480,0.5136158102508444,1
R004553,0.2713677104086084,0
R004966,0.38202097821491804,0
R005428,0.6159610375590506,1
R005716,0.6710138322694565,1
R006689,0.4658232925110323,1
R000301,0.6909743220557243,1
R001480,0.18450124831088222,0
R002874,0.46585128945878745,1
R002886,0.2684273437583057,0
R004994,0.6711955338301341,1
R006983,0.5012741839730501,1
R007743,0.5069162740870903,1
R008452,0.4983135463277926,1
R000114,0.1943858512983152,0
R003883,0.16249688099566123,0
R004393,0.7003579656801922,1
R004428,0.6817929128470782,1
R000405,0.608448081588464,1
R001500,0.23501591980418737,0
R004001,0.5771098346714997,1
R004775,0.22773463539939665,0
R004956,0.08573064967304914,0
R006185,0.6247184733689114,1
R007996,0.27120196879241315,0
R008152,0.8801626108418404,1
R000292,0.39262495792414376,0
R001776,0.3500965562611988,0
R003776,0.6311362404750221,1
R004267,0.5058598082722311,1
R004402,0.3120367232897152,0
R004464,0.12452964281660989,0
R004736,0.28433499632328746,0
R005907,0.326185838827677,0
R007594,0.6383570355444818,1
R007849,0.6251731079512153,1
R008701,0.6549527451590046,1
R000189,0.5585148509505606,1
R002993,0.1827197151500597,0
R004807,0.4656246989554235,1
R005911,0.2642664520829245,0
R006087,0.49755753002452063,1
R007408,0.32974791663030933,0
R007650,0.5768001216239268,1
R007983,0.4715171141513964,1
R009958,0.6211873356655229,1
R001614,0.38141940116333306,0
R002724,0.5441006497349584,1
R005149,0.30965700632957527,0
R006102,0.5032958273417639,1
R006813,0.6928307173230446,1
R008040,0.4004443853411057,0
R009103,0.2862860384202491,0
R009992,0.6562554034230204,1
R003647,0.21805873654271932,0
R006561,0.6224955153845226,1
R007852,0.3075017545696238,0
R007868,0.35433766844263076,0
R008491,0.5616390144454672,1
R008492,0.31158042740676306,0
R009222,0.21954421204963814,0
R001695,0.5097305614298222,1
R003579,0.5776251456246178,1
R004262,0.15367543374614306,0
R007818,0.7535502240116123,1
R008813,0.4841822645295515,1
R008825,0.5300595794569272,1
R008985,0.4860225220396881,1
R000288,0.4163763794124031,0
R000439,0.23815085176237605,0
R001522,0.4154145901798499,0
R003381,0.11202551070946862,0
R004522,0.46193082853723283,1
R009508,0.29152088819393435,0
R000853,0.6518987055745536,1
R001002,0.34566671080890476,0
R002642,0.5680461434882529,1
R006706,0.5163141508200348,1
R006959,0.286054727059028,0
R009334,0.5290895775620118,1
R009553,0.3510297673354205,0
R000134,0.5495938991910087,1
R000854,0.09252409171851197,0
R001803,0.5476133685496468,1
R003302,0.5186342649088467,1
R005425,0.48862020623116464,1
R005552,0.48209896545110104,1
R008114,0.706298363345122,1
R009787,0.5096854311388076,1
R009836,0.6104303722551363,1
R009889,0.5288254250993196,1
R009896,0.3095550854577586,0
R001429,0.5722289940905977,1
R004718,0.17156996901896807,0
R005411,0.1605904397481851,0
R005914,0.13731983803863296,0
R005941,0.5292245121248739,1
R007500,0.6228620951555628,1
R001983,0.18880428555413453,0
R002813,0.46538275520976335,1
R003430,0.3851592799993496,0
R005067,0.39121584606192417,0
R006452,0.7104874939019674,1
R006587,0.7347767630387797,1
R006889,0.19423559653620304,0
R006986,0.5936818093905926,1
R008718,0.3587262653795046,0
R008758,0.6042495812381877,1
R000287,0.3232919067154957,0
R001583,0.6537618341063829,1
R001995,0.3412388167601701,0
R002518,0.08127742414027228,0
R002522,0.4658232925110323,1
R003667,0.6658603065381643,1
R004177,0.5879051198129477,1
R004820,0.45053164286011865,1
R005244,0.6456099124042883,1
R005653,0.5757939413023497,1
R008122,0.4033744350101016,0
R008245,0.4278668740450618,0
R008394,0.5164112027618765,1
R001709,0.7375651299366723,1
R003083,0.5737949772859575,1
R003852,0.6490659413334555,1
R004333,0.6558864387082196,1
R007999,0.6352429762996017,1
R008312,0.2579030928808603,0
R009879,0.450418841597958,1
R000056,0.388027392803766,0
R000121,0.47501770211208305,1
R002149,0.4495203545264587,0
R004459,0.39823744436689557,0
R006054,0.5446595553266195,1
R000006,0.5428648918462508,1
R000042,0.42170751145766067,0
R001033,0.5616078019208411,1
R001219,0.6901867998708311,1
R003132,0.46122979921857665,1
R003554,0.11873285561788821,0
R003815,0.5070468625383482,1
R003851,0.579490302685586,1
R003927,0.5636844180242176,1
R004313,0.3062129368576421,0
R004405,0.5142483644702872,1
R005052,0.6813229177715842,1
R006055,0.6877136729429465,1
R006125,0.5735475068892237,1
R006273,0.4740790467443318,1
R006384,0.6804391952466847,1
R006693,0.31628218581965484,0
R007836,0.36898615071911967,0
R008282,0.3701380447279847,0
R009885,0.1300894185494637,0
R001021,0.5382798457258837,1
R001188,0.3690438764224394,0
R001985,0.4409652178272038,0
R002878,0.5812679182301792,1
R003681,0.5349520951388979,1
R005820,0.5811649085041152,1
R007519,0.35933410865384396,0
R009492,0.7620628289202435,1
R009821,0.4174173622929446,0
R000593,0.46832697608956936,1
R000733,0.6172940737442901,1
R001172,0.506896901975368,1
R001379,0.8425355735082806,1
R001951,0.2753206062069801,0
R002641,0.5974142236107436,1
R003183,0.5740012458731024,1
R004265,0.514224007154102,1
R006712,0.6531333383104789,1
R009588,0.5574012374213945,1
R000059,0.17248630550366906,0
R000265,0.594573802315148,1
R000406,0.5662293068070325,1
R001641,0.07677105684424676,0
R002352,0.6408951101094161,1
R004559,0.6590467040271109,1
R005783,0.19565436281520068,0
R006534,0.32314107701530087,0
R009531,0.3993220647764038,0
R000081,0.27410477837523994,0
R000186,0.3367232987746131,0
R001027,0.19789116561527123,0
R002782,0.35354816753940166,0
R002807,0.5726280768631289,1
R002838,0.13377042369789907,0
R003817,0.532276657283227,1
R004359,0.17141544827548152,0
R004373,0.38532864050858906,0
R005063,0.46807711296946497,1
R006206,0.16261595133247303,0
R006514,0.5518143308024198,1
R007661,0.24053878863918468,0
R009789,0.5546771546640796,1
R003606,0.5292596792738885,1
R004092,0.6370828315108278,1
R004179,0.6541888616469618,1
R006223,0.5235293022587324,1
R006943,0.6821846143966572,1
R008244,0.557937919468909,1
R008408,0.3534846788249034,0
R008921,0.6172786743300156,1
R009096,0.12598563544661445,0
R000528,0.4874687632716533,1
R001812,0.5519986622196431,1
R001986,0.23048340663974087,0
R002034,0.4402199882984919,0
R004250,0.2893656434420492,0
R004385,0.4913652372704138,1
R007702,0.4325605121360619,0
R007720,0.6002710148323055,1
R008759,0.3902036422105401,0
R008768,0.5790381075531968,1
R009030,0.5945966871384737,1
R009119,0.5666565393001017,1
R000388,0.571715596459818,1
R002228,0.4822396773601561,1
R002646,0.6467347568062737,1
R002901,0.4336227450931308,0
R003341,0.5185317469876392,1
R004716,0.2495740014098153,0
R007185,0.24048525770381204,0
R008060,0.26094738214101415,0
R008812,0.24210220379940034,0
R000182,0.4071753250787655,0
R000417,0.5967441366075474,1
R000565,0.4956147027774198,1
R000626,0.4423455593690457,0
R002507,0.5178411230435728,1
R002761,0.6095218242580782,1
R003251,0.5116512707373784,1
R004946,0.6877968035610286,1
R006362,0.5687675182081097,1
R006678,0.7271084250305537,1
R006915,0.3768539828943525,0
R006941,0.4036875098551792,0
R007205,0.1722655054200881,0
R008850,0.5320522462934042,1
R009386,0.2726581188902529,0
R009973,0.5416545570452579,1
R000737,0.3730483131361069,0
R002543,0.5378449804346058,1
R004297,0.45850468850856374,1
R005903,0.7496228883969734,1
R006277,0.6073550130672405,1
R008753,0.5366393064724256,1
R009173,0.3563192128586567,0
R009950,0.30333684773142877,0
R000726,0.7344999794376295,1
R001032,0.6504829915874765,1
R002906,0.6825433183048025,1
R004273,0.19773568429042904,0
R004707,0.5904063161564914,1
R004891,0.1085480133803458,0
R005925,0.6340051580515085,1
R006342,0.46651031824494554,1
R006657,0.6233756029155423,1
R009682,0.5318257136285768,1
R000524,0.6905732211431803,1
R000554,0.2597419345103369,0
R000911,0.1549252013117236,0
R001526,0.5021738827290911,1
R001842,0.17106906535739969,0
R002966,0.40998474999943774,0
R003710,0.5829047721382743,1
R004912,0.71967581892244,1
R004959,0.49292659541115363,1
R005482,0.6109554544228885,1
R006043,0.6290034110225716,1
R006543,0.3572961842357845,0
R007614,0.4744171871197975,1
R009844,0.6262210917046418,1
R001280,0.6576601969958569,1
R001377,0.28375378184058847,0
R001939,0.43353179417101373,0
R002971,0.671001534447969,1
R005104,0.5176632449799126,1
R006298,0.284580183393055,0
R006396,0.18856478224320256,0
R007563,0.4447075420904453,0
R009825,0.44613698139379604,0
R001250,0.592555703433425,1
R003155,0.5385814542492409,1
R003829,0.6188456263704627,1
R004430,0.5858374259077908,1
R006139,0.6704054599678912,1
R004018,0.6367908548354139,1
R004346,0.4184632146161377,0
R007580,0.48804343284849616,1
R008207,0.5414558899170245,1
R009389,0.5784405626338524,1
R009827,0.5831735183036763,1
R001011,0.21839029255557085,0
R001563,0.08546919956145141,0
R002150,0.28308214129045656,0
R003609,0.4994280726012145,1
R004510,0.29566136961758405,0
R006300,0.5634462210929236,1
R008055,0.4481731989078042,0
R008521,0.1861891449111669,0
R000544,0.3751727508821779,0
R000658,0.30970854116429136,0
R001100,0.48438924954040635,1
R001710,0.7340124476968924,1
R002002,0.40011990763279315,0
R006201,0.5485363699649439,1
R008251,0.5862035912297504,1
R000153,0.725026557989385,1
R002247,0.5656427123960754,1
R003268,0.34403798748845804,0
R003908,0.5546392628603922,1
R004281,0.6123690525800803,1
R005728,0.2826346121991586,0
R006033,0.5330454202274828,1
R007039,0.5384339415922755,1
R009135,0.5424681969552092,1
R009818,0.6385199278361877,1
R001020,0.5627014057570553,1
R001093,0.3536108472378118,0
R003176,0.48813319933236277,1
R004068,0.5947697526787906,1
R004320,0.4187938720599858,0
R004568,0.4708811382476332,1
R006016,0.39780408136118167,0
R007087,0.3525539299985671,0
R007770,0.4731799343904259,1
R001137,0.5024294206742763,1
R001374,0.4069941925851484,0
R001736,0.5595810930510255,1
R001769,0.6079304045149767,1
R002871,0.55683776879693,1
R006373,0.24550126060981656,0
R006509,0.46413339609562126,1
R008047,0.5882573621918391,1
R008951,0.28201504493315865,0
R009806,0.15370943936242237,0
R000365,0.7142295979705902,1
R000384,0.6203721601866792,1
R001877,0.4509082266070646,1
R003103,0.2762369823568561,0
R003517,0.634778625663584,1
R005584,0.6736533327794114,1
R006690,0.20620910761650538,0
R007826,0.4064044209049937,0
R008724,0.7295666332702984,1
R009406,0.546268311474081,1
R009549,0.4719469491752071,1
R001122,0.3179666116267026,0
R002597,0.4822592302081924,1
R002847,0.14492279970804403,0
R003382,0.6244784574929537,1
R006754,0.6739559226728111,1
R001341,0.616549846864431,1
R001767,0.2812750474469392,0
R003393,0.5516253973186084,1
R008818,0.5209335406018644,1
R008908,0.6603675394637911,1
R009649,0.3349805758938764,0
R000196,0.23297774236233623,0
R001582,0.4446046612114394,0
R002305,0.10746436861854465,0
R003135,0.46373856222981963,1
R007075,0.52144129169258,1
R008795,0.3247882368659921,0
R009133,0.29905387627003555,0
R002963,0.5240460971982297,1
R002970,0.2791635413228916,0
R004978,0.5914761239838806,1
R005840,0.41342532756280825,0
R006837,0.44531604437320743,0
R007301,0.38028413555205015,0
R008170,0.31032757120604304,0
R009225,0.4377151578510938,0
R000357,0.530820895796513,1
R000457,0.6147042192359788,1
R001490,0.5757939413023497,1
R001547,0.6627925701725882,1
R002086,0.5045803352138262,1
R003072,0.6655936871982457,1
R003355,0.38249527069609457,0
R003806,0.5940600698414121,1
R004242,0.5182462863211686,1
R005418,0.5754678722310365,1
R006468,0.5586700983933137,1
R007455,0.18977828646938386,0
R007493,0.28027980396249763,0
R007680,0.5377657218965702,1
R008426,0.5786693458577238,1
R009582,0.4593684044199453,1
R009664,0.3228146486559382,0
R001046,0.1962774156311917,0
R002236,0.6354072411452049,1
R002582,0.2573793618270587,0
R002952,0.1775726255284166,0
R005674,0.40013204087834575,0
R005899,0.6073555932675524,1
R006316,0.42487716980742546,0
R006411,0.5262096633077908,1
R007370,0.5501046244041998,1
R007525,0.6320895180750867,1
R007768,0.34258040436309195,0
R007923,0.4355299299591269,0
R008592,0.3278524193404415,0
R009365,0.17636369880142086,0
R009831,0.38936899441690176,0
R001945,0.46744721157998387,1
R003945,0.133410253650929,0
R004020,0.5507624326357504,1
R004589,0.3104762858724692,0
R005934,0.2880641211755017,0
R006177,0.2881250769165587,0
R008071,0.5781513104142069,1
R008313,0.5788849350336825,1
R009025,0.6636770354661605,1
R009210,0.242583802088601,0
R001527,0.158982678389904,0
R002079,0.6591311140957397,1
R002322,0.5007707584860392,1
R004884,0.6158819880599222,1
R007323,0.5964447775778609,1
R008250,0.7360075740837736,1
R008580,0.5518182054418251,1
R001354,0.7481791311858137,1
R002934,0.3525514641921654,0
R005750,0.48466642118964826,1
R006013,0.6722960423183652,1
R008675,0.21058316303287247,0
R008695,0.3721527425758894,0
R008884,0.5122410738432404,1
R002240,0.5958257249011211,1
R002268,0.1406481908481803,0
R002590,0.6616415516314694,1
R002891,0.41919435770710056,0
R003314,0.5515325717611904,1
R003470,0.5009306654256034,1
R005026,0.6582706035251384,1
R006417,0.5322070321007983,1
R006613,0.7452082884442026,1
R007044,0.5701899761554348,1
R008061,0.45811145724078733,1
R009163,0.3489652516102634,0
R004317,0.6098532461163509,1
R005298,0.5356657530180962,1
R006354,0.654795718347222,1
R007164,0.49283972055488795,1
R007325,0.52135798580686,1
R009323,0.5775894206187647,1
R002483,0.4710947916635564,1
R002801,0.3723592638359987,0
R005032,0.6598425395069907,1
R006454,0.5212688884476233,1
R006872,0.3976288615265332,0
R008331,0.4371969940379763,0
R009152,0.38469500596668965,0
R009522,0.24949358436473898,0
R009669,0.46480930897143885,1
R009711,0.18539886808697636,0
R001047,0.3524241102914156,0
R001662,0.6488798715939263,1
R002357,0.4567917911637559,1
R005377,0.5785028921888441,1
R005395,0.6395815619002404,1
R006978,0.4203676730853878,0
R000987,0.2993911819111513,0
R001584,0.48968567733574503,1
R002677,0.6219076175430344,1
R002785,0.5608625654543177,1
R003214,0.5608447154964332,1
R004211,0.45446751279714714,1
R007879,0.19675905814222588,0
R008086,0.11408967523658274,0
R008666,0.6413819277085165,1
R008740,0.6045420841099914,1
R009644,0.5472177959506721,1
R000739,0.6219657480568966,1
R003457,0.4654679015701385,1
R003964,0.537309063202923,1
R004739,0.3394009506666908,0
R005053,0.31432457169770345,0
R006218,0.6169877911460885,1
R008938,0.4089184809018729,0
R009570,0.5201354331112287,1
R009589,0.6553220951644237,1
R002402,0.5852402547444749,1
R003172,0.5556496873771248,1
R003340,0.6575400892915886,1
R003445,0.6231069287567437,1
R003597,0.653941121581738,1
R004391,0.15936690465028636,0
R005457,0.6404158727827518,1
R005551,0.5112030886172607,1
R006256,0.6447482164000815,1
R009185,0.5235843959373866,1
R000722,0.1794394962712018,0
R000749,0.6963215419755258,1
R000989,0.47097271794695533,1
R001082,0.6451999638299046,1
R001740,0.24554799638593822,0
R002423,0.5553757573766412,1
R002429,0.5754573370102529,1
R005353,0.4154952759245781,0
R005897,0.5854378189309044,1
R006255,0.18787777110087883,0
R006614,0.6467114799742115,1
R009355,0.5645763840290969,1
R009448,0.4227857804798594,0
R001428,0.593567924834951,1
R002420,0.570413690900977,1
R005281,0.13707839005497952,0
R006654,0.4645847693163717,1
R008233,0.7083306542427503,1
R008781,0.2612111418810741,0
R009390,0.5627743885995105,1
R000799,0.5882489075718919,1
R002037,0.210025822889216,0
R002453,0.6321639297384171,1
R002996,0.3008330401841591,0
R004563,0.3929428093815252,0
R004661,0.585123233280725,1
R005133,0.16213118702746504,0
R006459,0.2831772000908426,0
R007008,0.554661473686152,1
R008270,0.6204852321230876,1
R000548,0.34533991685004795,0
R001263,0.44058554685571044,0
R001267,0.5852945707392253,1
R001755,0.28434590174846097,0
R002122,0.31675534106112163,0
R002904,0.30923021686123076,0
R003262,0.29828873714430065,0
R004039,0.5747260445657535,1
R004089,0.3057345228363678,0
R004278,0.5305086777732766,1
R004574,0.5398687959304793,1
R005947,0.49483927977669456,1
R006237,0.613308297174584,1
R006665,0.5424706659607448,1
R008594,0.19397895298802953,0
R008649,0.49592871247161013,1
R000034,0.4800352529732634,1
R001783,0.23710128071950876,0
R001953,0.4418486712440706,0
R002881,0.5017138577045125,1
R004776,0.6828704825860356,1
R005078,0.3421780426997322,0
R006343,0.5431363748110124,1
R006616,0.6894349704583479,1
R007038,0.4756253822054399,1
R008212,0.2721538029188654,0
R002648,0.4960138202527218,1
R002959,0.6335590208520472,1
R003462,0.646199840591811,1
R004375,0.41394025720514754,0
R005355,0.174607117137252,0
R006412,0.5804586390924712,1
R008258,0.5751629459538246,1
R009951,0.4570957896671999,1
R001822,0.46670494893159753,1
R001981,0.7331390753853974,1
R002805,0.5826085395961702,1
R003418,0.6123546943676993,1
R006530,0.16395277332795274,0
R007422,0.45478126598138324,1
R000423,0.5708031623040422,1
R001186,0.1645608106048201,0
R001378,0.1777451321716437,0
R002301,0.5149913915149613,1
R002630,0.09137149501196404,0
R003663,0.33140075266383257,0
R003808,0.5160984861482377,1
R004650,0.15054553109709293,0
R004747,0.6431065785056966,1
R005553,0.47744752985324185,1
R006532,0.2277329224363084,0
R006799,0.6373000729057992,1
R007116,0.5179530657184442,1
R009379,0.48427914761583757,1
R000965,0.08951712760760178,0
R001119,0.6160932246376625,1
R001318,0.20503023668676518,0
R001937,0.671297719775248,1
R002253,0.22407224310582682,0
R003782,0.36844984006265774,0
R003890,0.53021224091577,1
R004152,0.13700479704069468,0
R006877,0.5288759153226589,1
R007210,0.41710967689099904,0
R008128,0.5286294473330907,1
R008151,0.5610613534522746,1
R009201,0.3720119667297929,0
R009847,0.5169387827010167,1
R000560,0.3943456755025458,0
R003288,0.4595359616053969,1
R003869,0.28226749167797194,0
R004048,0.4265344958578798,0
R004306,0.542443777899869,1
R004632,0.4505672914841051,1
R006047,0.5420122690440241,1
R006359,0.4509457813062055,1
R008179,0.57754513519964,1
R009577,0.7092601515124215,1
R009758,0.47257892504127036,1
R002931,0.24969707457687662,0
R002944,0.5069882850334536,1
R005807,0.49726438252809313,1
R006088,0.5023917063764535,1
R009784,0.43767762600791016,0
R000090,0.6065103067464666,1
R000852,0.6459994929589422,1
R001286,0.4414954047158145,0
R001322,0.3365966662796343,0
R003180,0.6243280695104427,1
R003258,0.31061458483964477,0
R003899,0.474462985971676,1
R005730,0.538031545526068,1
R006428,0.700266005321871,1
R006933,0.19004824973692508,0
R008382,0.5175222743134223,1
R009563,0.2474028915691221,0
R000514,0.4068593527671032,0
R000556,0.3562639034746778,0
R005456,0.2457076089728262,0
R006421,0.28642796601624254,0
R007830,0.4205006824254112,0
R008283,0.5737323363455503,1
R008601,0.3354723373236955,0
R009465,0.23981108030268786,0
R000067,0.585376220292055,1
R000703,0.8006852478906834,1
R001059,0.5698970352425949,1
R002035,0.5727409756095941,1
R002855,0.3353283409149811,0
R003203,0.5194594625204384,1
R005233,0.654418428836709,1
R006162,0.1282036638227191,0
R006224,0.12226867663517456,0
R006863,0.6331858439547283,1
R008172,0.8277445278944771,1
R008637,0.6621219175521391,1
R009316,0.6445593550135944,1
R009344,0.49584405754940897,1
R002440,0.6823876011339405,1
R002689,0.5456567562440803,1
R004512,0.6132747662630353,1
R006176,0.2827788096826342,0
R006835,0.5569346757356065,1
R006958,0.5631660835346962,1
R007057,0.3509143277679543,0
R008074,0.4016145458604814,0
R008696,0.19003410491755923,0
R000296,0.5189215748810663,1
R002148,0.4834838958565124,1
R003060,0.552225036760712,1
R003201,0.6834592603696392,1
R003887,0.43389384435294415,0
R004577,0.5387482494987614,1
R005595,0.6209628326006036,1
R006499,0.23050819711110945,0
R008177,0.43336712172205616,0
R009116,0.2872602417529496,0
R009347,0.6516971749439124,1
R009750,0.29272231138665994,0
R000018,0.6034009201079813,1
R000200,0.504257405998669,1
R002872,0.1585271199148088,0
R003508,0.21588325301263334,0
R004169,0.6399732905813639,1
R004207,0.703229330124115,1
R004828,0.3683965767192168,0
R006286,0.6682575389055095,1
R004497,0.7375819524255329,1
R006311,0.5099060010735181,1
R008121,0.2602681243828643,0
R008843,0.3921956338161935,0
R008846,0.11874985907202523,0
R009050,0.628120438474843,1
R009063,0.5947599931485974,1
R009584,0.4334058568203244,0
R009707,0.504160052495506,1
R001461,0.22408653209636198,0
R001542,0.5417931072743216,1
R005689,0.41455052126592573,0
R005731,0.24737039037607375,0
R007281,0.3662876385091512,0
R007675,0.44367761301450986,0
R008390,0.2832594913369037,0
R009020,0.46212954324941646,1
R000143,0.31311549646781534,0
R000903,0.5478445427310176,1
R001476,0.48309716921639606,1
R002246,0.2509457455396936,0
R002459,0.5622416586230664,1
R002479,0.5453579765309602,1
R002978,0.6718306659552203,1
R003553,0.3665762392533707,0
R004501,0.5701052446966576,1
R004701,0.6427158702108733,1
R005594,0.39031846283854515,0
R006400,0.34013562564547817,0
R007024,0.3291513200857917,0
R008853,0.21773601082977775,0
R009045,0.4820189454065792,1
R009908,0.6791291875777526,1
R000069,0.27693920051084603,0
R003104,0.5852099071025392,1
R005349,0.4117347266713181,0
R006686,0.2753448076460107,0
R008575,0.4046253034287851,0
R009088,0.5130061562279296,1
R009182,0.14059651430906916,0
R000575,0.0722773093520495,0
R001996,0.6105297098465564,1
R003397,0.36834698803331284,0
R004021,0.5803857860010788,1
R004263,0.6104180089112192,1
R004540,0.3765879216336885,0
R004737,0.4544476107782796,1
R005705,0.32110651598450285,0
R005754,0.24643963693151033,0
R006325,0.2913950836450369,0
R000073,0.19489756717214846,0
R000994,0.3991483057002416,0
R004792,0.2212739829604286,0
R004875,0.6359638176847421,1
R005278,0.38646239070024363,0
R007373,0.5990007706754545,1
R007487,0.23926307836380517,0
R008719,0.6656029415813179,1
R008869,0.1287082348106807,0
R009305,0.4800945542700618,1
R001151,0.284280074581451,0
R001340,0.3138797944425865,0
R003080,0.6193347581181725,1
R003879,0.5150074288522797,1
R004162,0.4516879642749904,1
R004368,0.4918654178763338,1
R005106,0.6091944555329905,1
R007251,0.5724075687431885,1
R009970,0.4781509890305771,1
R003098,0.7076076868403087,1
R003867,0.4998069451907639,1
R004066,0.5470082383125032,1
R004188,0.49845959175151894,1
R004192,0.4009877152259651,0
R005442,0.4209648453801929,0
R005453,0.662752590246595,1
R005567,0.5446325137508341,1
R005805,0.6552644391779615,1
R007579,0.3265247390380461,0
R008124,0.5378302221421171,1
R009366,0.6065728852887179,1
R009676,0.5662685398653917,1
R009710,0.6454652846122214,1
R000026,0.1685679741112355,0
R002054,0.33481221646954035,0
R002656,0.24061999468496723,0
R003157,0.5275260536702489,1
R004108,0.8239576102388771,1
R004142,0.472109847555969,1
R004322,0.16723629641933335,0
R005978,0.4161000559903878,0
R007368,0.3024704911071132,0
R007899,0.4713915260353182,1
R008805,0.36252077518213177,0
R000226,0.44876143116847833,0
R000247,0.3574515827946052,0
R000433,0.2019015271414178,0
R002016,0.30442434989597295,0
R003718,0.33115519183352704,0
R005835,0.37975930117721624,0
R007776,0.22913849792527619,0
R007881,0.4024464427642825,0
R008410,0.7179046558441603,1
R009934,0.5233786647495228,1
R001170,0.6162510705364663,1
R001919,0.16853750837851803,0
R001967,0.5208650066968423,1
R005951,0.6708916733700886,1
R006723,0.600416769291376,1
R008044,0.3691404589022593,0
R000564,0.34027276243218296,0
R001455,0.4089174825552167,0
R006235,0.39599422669828127,0
R006695,0.5619257607564513,1
R008202,0.6225203053242507,1
R000680,0.7041495023736888,1
R001160,0.19807613724460987,0
R001765,0.6693592104368363,1
R002740,0.5264671681343739,1
R006882,0.2996119648945425,0
R006981,0.5379786142726651,1
R007955,0.4671894594501397,1
R009081,0.2656109006211566,0
R001586,0.5769147976303657,1
R003550,0.1785773049103162,0
R003689,0.5902310352308927,1
R004182,0.33213859748659547,0
R004240,0.5683574604785743,1
R005211,0.6107620305720628,1
R007201,0.43976707459455183,0
R007407,0.3065298218351504,0
R007801,0.6938179602740459,1
R008085,0.6260227638552391,1
R008765,0.5545989156669522,1
R009487,0.37331437378543425,0
R000649,0.4104331054941957,0
R003066,0.3696894224689471,0
R003159,0.23761166032782366,0
R004973,0.6309661826376469,1
R005511,0.3821039945872188,0
R005760,0.30913989479972814,0
R006791,0.4771738735178848,1
R008294,0.2476526180798302,0
R008296,0.2588757869453857,0
R008671,0.6216209418887497,1
R002586,0.6055775568449272,1
R003427,0.4151816079732372,0
R003794,0.1915151856043277,0
R004008,0.37734773718532494,0
R004019,0.33641406156418613,0
R005954,0.12237807610345378,0
R006617,0.9103688894971068,1
R006676,0.09273181584053466,0
R007183,0.5538581485781036,1
R009327,0.30794021140630273,0
R000070,0.5750526014604963,1
R000825,0.4677594146017028,1
R001660,0.3322935943355033,0
R003102,0.4525215934633754,1
R004687,0.6604697216683998,1
R005968,0.16237170203306087,0
R006942,0.5441734541154437,1
R007346,0.21582193764007107,0
R008722,0.4696093539334498,1
R000861,0.5339203337465512,1
R002114,0.6127166890796658,1
R003356,0.6168145784757723,1
R005016,0.44602415191858485,0
R005905,0.23830291923575592,0
R005906,0.26963950797864056,0
R008723,0.22823826545953826,0
R009349,0.19254466774413245,0
R000812,0.5633771249152256,1
R002207,0.29929156650956645,0
R002316,0.5520867940850659,1
R002486,0.5177331265621424,1
R004222,0.7723422415308833,1
R004850,0.6427158702108733,1
R005935,0.5917475002964574,1
R006622,0.6600227729423742,1
R007824,0.35137169825977466,0
R008036,0.6717536016688671,1
R000945,0.3444041818974959,0
R001516,0.6185922509048464,1
R003079,0.5479076238142838,1
R003761,0.30163590713484456,0
R005030,0.32646167563271294,0
R005733,0.6288070762183614,1
R007389,0.5263138762670083,1
R007492,0.15553924294942567,0
R008033,0.6448487466966925,1
R008169,0.4477941815946224,0
R009618,0.4007324137296898,0
R000470,0.5079499757005209,1
R001104,0.21282845093831942,0
R002248,0.2718329409503762,0
R003329,0.2416299200647576,0
R007667,0.7437857539146702,1
R001144,0.2267417323175053,0
R002295,0.22800123276463896,0
R002577,0.2519272165489013,0
R006767,0.5881508977123239,1
R008162,0.18256187012042013,0
R008670,0.6713019983363119,1
R009523,0.5016158671336987,1
R009856,0.29232510091699576,0
R000483,0.3724198801235027,0
R001733,0.2827610435918604,0
R002201,0.22180966678274175,0
R002448,0.5843252465950165,1
R003790,0.6297873131766522,1
R006106,0.22914145579520714,0
R006890,0.5925545685863901,1
R007142,0.37074528372003385,0
R007856,0.4233143584549401,0
R009526,0.26365167006379775,0
R002249,0.3976985855206685,0
R003186,0.33748463194610506,0
R006166,0.6190692058555487,1
R006221,0.6030898817157159,1
R006251,0.5600122972913364,1
R007001,0.36918726103988425,0
R009499,0.378772504772257,0
R002287,0.19301771959499325,0
R002318,0.5845455472084227,1
R002770,0.6114790909201875,1
R002896,0.389976279529036,0
R003758,0.2681800777880539,0
R004475,0.15213221489427112,0
R004674,0.4652213667591603,1
R006128,0.5687907438558233,1
R007676,0.4932095154248246,1
R007946,0.7687940599563882,1
R008539,0.41589644120865354,0
R008593,0.42435395548360433,0
R008716,0.44286881164546454,0
R008777,0.5053709798455126,1
R008791,0.23432264213073223,0
R009035,0.670667378961611,1
R000091,0.4551085474717135,1
R000398,0.5699317936648939,1
R001175,0.16199059701747934,0
R005317,0.24397155249386726,0
R005546,0.03407189935582319,0
R005633,0.46166572457904725,1
R008630,0.40562567034313146,0
R008988,0.36089696839478674,0
R000765,0.5974969306515557,1
R001829,0.6244751032444426,1
R002120,0.1213240892497991,0
R003930,0.40161661008268884,0
R006239,0.47306016963621483,1
R007432,0.41697121493703726,0
R007907,0.5477430493034565,1
R008364,0.7472300457559371,1
R009258,0.33306248679890355,0
R000240,0.6039586981079782,1
R000912,0.23685232893589667,0
R006155,0.56171078809849,1
R006287,0.11295996097811248,0
R008680,0.06905778451764016,0
R009314,0.15256481102693437,0
R009532,0.7217348525098655,1
R001914,0.36984666526407994,0
R002229,0.5398722794382861,1
R002361,0.3150226700249849,0
R003917,0.281479651111951,0
R005836,0.47296287061498216,1
R005992,0.534456050798288,1
R007914,0.5578645723994922,1
R000919,0.5267005515941503,1
R001307,0.3663357743132941,0
R001400,0.09256741296343104,0
R001537,0.22197710550818228,0
R001637,0.34379215990841033,0
R002447,0.39196229768823915,0
R002691,0.5538108687861267,1
R005253,0.5822340500179389,1
R005625,0.643600637668965,1
R009937,0.7357895687662214,1
R009978,0.5181557038001667,1
R000317,0.6244923555113745,1
R000578,0.23129419222057354,0
R001502,0.41647742176090385,0
R001711,0.637727796990826,1
R003277,0.40376179626776504,0
R003915,0.606437980639984,1
R005600,0.16554928418918574,0
R006771,0.32625817511994015,0
R008968,0.6519897976925085,1
R009075,0.20050505806039973,0
R009168,0.6895320639910408,1
R009764,0.22972846101127442,0
R000934,0.5830288162246516,1
R003147,0.6051759468909836,1
R003230,0.8171249345598977,1
R007891,0.6364552536632035,1
R008714,0.6251483766949641,1
R001433,0.6974413604166319,1
R003901,0.6540643523250648,1
R004155,0.4957807143171905,1
R005996,0.42733578108124076,0
R006900,0.2992326081651309,0
R007081,0.513779507603365,1
R007250,0.5277869907470961,1
R001396,0.4628973802708106,1
R003459,0.6426455480794316,1
R005337,0.3234115179355913,0
R000185,0.34432314776510264,0
R000426,0.530735331977333,1
R000588,0.6057722098825189,1
R000589,0.2654849866434987,0
R000776,0.5700431310826417,1
R000885,0.4120497682413508,0
R001373,0.2570259557616809,0
R001403,0.30892918372999556,0
R001610,0.3261549080806541,0
R002143,0.6917923207917245,1
R004521,0.2842996909587377,0
R005960,0.3042066835235123,0
R007247,0.6557321250127192,1
R008438,0.21686478157057923,0
R009674,0.31998427494281817,0
R000341,0.5734230451741616,1
R000487,0.6157463436300797,1
R001085,0.5166390060885171,1
R003003,0.29312939414419403,0
R003561,0.5222904331549859,1
R004070,0.5908500288362522,1
R004147,0.5803081673436208,1
R004918,0.3551120883946383,0
R005170,0.15179952097334037,0
R005225,0.43430896690075843,0
R006934,0.5184291021116586,1
R007071,0.3203025398510596,0
R008875,0.16186449087706692,0
R000005,0.6389195155396865,1
R000600,0.514183214114819,1
R002809,0.6033398942138162,1
R002869,0.3363955810567896,0
R003254,0.777712765125478,1
R005572,0.4057461472036429,0
R006053,0.6256478744483558,1
R001726,0.440823766612683,0
R002029,0.4115724523199519,0
R002110,0.4145961584172432,0
R002474,0.4999366732822741,1
R003051,0.49191280484422856,1
R003785,0.5047549896070671,1
R004036,0.20823829282801595,0
R005341,0.5778167108594678,1
R005533,0.7406766492275488,1
R006521,0.6054494745822591,1
R008067,0.3833722237513466,0
R009243,0.2132489553560228,0
R000709,0.39031846283854515,0
R000887,0.7134989621941301,1
R002064,0.6023879878195583,1
R002491,0.6683645383387056,1
R003433,0.2963773927536403,0
R003959,0.34026709812132566,0
R008218,0.21917366261403343,0
R008643,0.45902352338620256,1
R000898,0.5874034798151683,1
R001299,0.4882399514318917,1
R001672,0.6366229021598271,1
R002220,0.43299947295297847,0
R002266,0.3495823378823532,0
R002853,0.18621786054353512,0
R004844,0.31129317855411404,0
R005491,0.4711238971634957,1
R006792,0.41363882145833525,0
R001079,0.6027336747676134,1
R001608,0.1811204871457011,0
R001721,0.4778592179035864,1
R001778,0.5674431243266341,1
R003827,0.6468780364077132,1
R003911,0.6573454547362774,1
R005799,0.18622969847052834,0
R007189,0.6879033517457575,1
R007643,0.482673006289943,1
R008623,0.8467972010862003,1
R000555,0.47201325038653474,1
R001498,0.44394785139580767,0
R001625,0.21504041521510406,0
R004302,0.4001149574653698,0
R006369,0.6165742107407333,1
R006957,0.4093475538179809,0
R007878,0.45655885633623955,1
R008434,0.5240315563720535,1
R008823,0.4191325247847064,0
R009170,0.6652444556539477,1
R009705,0.23798316552580306,0
R001870,0.6185927541037926,1
R002123,0.3198426719199255,0
R002255,0.6800453887156325,1
R003909,0.6467665251425574,1
R005231,0.5309866372238154,1
R005801,0.5578151555109164,1
R005981,0.6133695488894347,1
R006859,0.6391036194752445,1
R009403,0.4374406714107893,0
R009528,0.410412752281893,0
R009808,0.6382404099437339,1
R001987,0.16398785025182505,0
R005443,0.5686030042236958,1
R006743,0.29600666767953665,0
R007262,0.4975159272262078,1
R007611,0.5211284316233271,1
R009620,0.3971499022306827,0
R000094,0.5819986107889901,1
R000285,0.6692810869445451,1
R000771,0.1403345277877743,0
R001130,0.6277236193519204,1
R001402,0.25231432960257544,0
R001703,0.5663328000675666,1
R001904,0.49210343855765015,1
R002371,0.5552561923955978,1
R002563,0.1904804712777051,0
R004154,0.6357773561360849,1
R007928,0.6597107690789803,1
R007968,0.25277199586655846,0
R008285,0.5962351397848511,1
R000599,0.21115730578376654,0
R000769,0.37861225466543386,0
R002250,0.48152494436052945,1
R003687,0.25378758399452195,0
R007629,0.17563109832019488,0
R008278,0.72862623323128,1
R001988,0.4012439162477714,0
R002094,0.679993996095415,1
R003252,0.4204298232079557,0
R003521,0.4326393407085608,0
R003737,0.3463351769191882,0
R006302,0.6011759724389704,1
R006852,0.2636162460077143,0
R009427,0.46208971572214835,1
R000413,0.45100402688994506,1
R004045,0.44009968454048576,0
R005623,0.07647868819914763,0
R005668,0.28042738755709634,0
R006506,0.588759149038159,1
R007855,0.6371864058136633,1
R008687,0.47993907586251466,1
R009146,0.7008678148917282,1
R009547,0.4506864428588712,1
R000330,0.41840174945790953,0
R003865,0.2803952392661644,0
R004084,0.23081913674063603,0
R004363,0.4884167947395602,1
R007021,0.3793873934084312,0
R007605,0.46902578761829344,1
R009592,0.5385814542492409,1
R009807,0.446339105364114,0
R001412,0.5814338473564027,1
R005683,0.5315260058421533,1
R006203,0.6185727854839196,1
R007509,0.5029468721502108,1
R008144,0.35553542882765116,0
R000031,0.661236934379533,1
R000381,0.30119296669760937,0
R002009,0.6121082115787921,1
R002206,0.36183024387881657,0
R002488,0.4927503828525486,1
R003589,0.31496163148997874,0
R004094,0.618167648293148,1
R004965,0.6050126763091455,1
R006248,0.5684602999921496,1
R006418,0.5969850601628995,1
R009688,0.4060444259110741,0
R000373,0.590224165346505,1
R002516,0.5083888472621306,1
R002707,0.3754349942373337,0
R003873,0.35850203987324114,0
R004364,0.6236973621559669,1
R008372,0.3562954386507213,0
R008839,0.4518333152129709,1
R009121,0.5921921259559702,1
R004703,0.774039395852043,1
R004962,0.6408480533706843,1
R005079,0.5563070061816664,1
R005550,0.24495364642410009,0
R005813,0.561839449372121,1
R006077,0.4254188917010621,0
R008167,0.6732288875872396,1
R002326,0.6224368028165751,1
R002339,0.2690487153742795,0
R002683,0.267331153381725,0
R005274,0.5178493771855788,1
R005891,0.42424609238093697,0
R007903,0.20324206541158055,0
R008137,0.315015590631396,0
R000313,0.5648990642226899,1
R003005,0.311073894529344,0
R004433,0.21851343800102693,0
R004930,0.2698070163752668,0
R005939,0.4479884933249909,0
R006545,0.3495231884368515,0
R008216,0.4687776896912798,1
R000374,0.6230485699951803,1
R002050,0.6514399887801494,1
R002699,0.44044065681172606,0
R002939,0.6280281620406029,1
R003939,0.7919265205141579,1
R006524,0.25390533209341265,0
R007289,0.5477112150170681,1
R008103,0.3288726332965319,0
R008691,0.22321836093843883,0
R002340,0.7300296069780198,1
R003283,0.5514149380567456,1
R004370,0.20187364226282511,0
R005927,0.5011739643113466,1
R005971,0.1867918323140139,0
R006357,0.4505708237887302,1
R008855,0.31080047866257476,0
R000269,0.5906654812284656,1
R000289,0.22171277543938722,0
R000890,0.31195663983009886,0
R002018,0.7381025155765693,1
R003603,0.5385985628128077,1
R005819,0.48272752682622155,1
R007259,0.6627438294510504,1
R007617,0.45741842500835816,1
R008129,0.6755560292629019,1
R008383,0.5351563012899851,1
R008741,0.1981148896504466,0
R009306,0.5435910754696492,1
R000054,0.6807937239656706,1
R001253,0.3457430313720001,0
R003425,0.31552409551904165,0
R004919,0.6129352357305441,1
R006263,0.35847924549013743,0
R006313,0.611370102469778,1
R009140,0.5232914561318546,1
R000546,0.23226051251929733,0
R001404,0.5018557305595527,1
R002987,0.21544275108395006,0
R003018,0.5890467079357541,1
R003641,0.4576152842949811,1
R003818,0.5323176482259661,1
R005957,0.4131497969315414,0
R006556,0.7497593687005542,1
R008877,0.23123580346438405,0
R009495,0.18485876804908027,0
R009496,0.5023921278392887,1
R009715,0.4425429814261952,0
R009752,0.5526118269570244,1
R001469,0.18457356493928972,0
R002028,0.4973303486387203,1
R003101,0.5639276732168517,1
R004023,0.4138176388082578,0
R006063,0.31057803231654446,0
R006150,0.5815206714817335,1
R009702,0.25528255106765313,0
R000072,0.5415916552460547,1
R000725,0.35550455956217414,0
R001568,0.6167579319609097,1
R006920,0.49131236210094426,1
R008405,0.5950655544930453,1
R000318,0.637756560136105,1
R003056,0.49692539122230506,1
R003467,0.47815859784566966,1
R006036,0.19514587453234622,0
R007348,0.5690024857174143,1
R007482,0.4879785097405308,1
R007483,0.5963982157420364,1
R007621,0.7069244706916906,1
R007890,0.5394944946759225,1
R008711,0.5937754642663803,1
R009767,0.27605406514553227,0
R001884,0.4510044869133393,1
R002946,0.39766337865573415,0
R005074,0.5244787846917502,1
R005530,0.6718969707951481,1
R006512,0.5985733662607717,1
R007975,0.33514667351549965,0
R008356,0.2026185232306372,0
R008684,0.5283315934588797,1
R008960,0.5828724035358179,1
R000312,0.23957803974872438,0
R001024,0.34946646258844016,0
R001570,0.5801711775762985,1
R002019,0.6311117330035111,1
R002291,0.2776995723050116,0
R003093,0.5145969526483638,1
R003202,0.3473326150021898,0
R004407,0.4825259561662497,1
R006157,0.5073234214281294,1
R006227,0.7380474347792412,1
R007274,0.5331787868313288,1
R008195,0.7024457546278533,1
R008518,0.42598764427261143,0
R009319,0.5926432801489205,1
R009396,0.4954856716163184,1
R000272,0.5331412351575651,1
R000511,0.2551519144874424,0
R001138,0.4430252696020039,0
R005641,0.3420225797560808,0
R005667,0.4072578008976298,0
R007700,0.6314512359308093,1
R008376,0.2743277341757253,0
R008656,0.543227877110484,1
R008889,0.6615760835078609,1
R009128,0.36234090940335695,0
R001347,0.5801039370640722,1
R001616,0.2657864072045062,0
R003464,0.6434606816903922,1
R003533,0.7047565258950663,1
R003755,0.4454809709026714,0
R003886,0.5082509983078574,1
R005596,0.4835733037172076,1
R006618,0.08462747264663234,0
R006765,0.1966387899353476,0
R000635,0.5846637483737586,1
R002093,0.5317072212120675,1
R004392,0.47528714067076716,1
R006323,0.529594148877203,1
R007754,0.32304770464467764,0
R008989,0.7035565315506167,1
R009434,0.21634349255624064,0
R004426,0.3445277106411379,0
R004580,0.3762693977814724,0
R006408,0.2548840125165645,0
R007439,0.2178110077931572,0
R007513,0.5744131767034171,1
R009542,0.6352197937847636,1
R001075,0.4158064506487475,0
R001748,0.4972730081600638,1
R002526,0.33647561521809266,0
R002545,0.6086230886628909,1
R002631,0.2638852137675412,0
R005066,0.36110635795181506,0
R007290,0.36339673392608296,0
R007382,0.5867898314655894,1
R007772,0.4138238224283495,0
R009955,0.6278351929065761,1
R001551,0.5286948261182547,1
R003717,0.39701531076737845,0
R005647,0.5702814282999503,1
R006568,0.6009329040182727,1
R006857,0.6408264956872938,1
R006861,0.7029867500567863,1
R007105,0.37765257297976845,0
R008010,0.3664080446532831,0
R008029,0.5953847659379257,1
R008546,0.3739610893269076,0
R009782,0.09687546760419151,0
R000907,0.6969388237484251,1
R001155,0.6254880365353672,1
R003920,0.24649775843299082,0
R005738,0.45376909046622177,1
R008496,0.3508888364621275,0
R008678,0.07312160433590251,0
R009450,0.6851972641062931,1
R009677,0.592045567579162,1
R001867,0.2889721343507685,0
R003972,0.49183757782210646,1
R005116,0.6820511412072892,1
R005781,0.6080719049948474,1
R006103,0.479297766301583,1
R007697,0.5880646231961836,1
R008068,0.35078857534139113,0
R000781,0.5619143489932361,1
R002665,0.5219216301478854,1
R005537,0.43689669062130393,0
R005761,0.0853564415173737,0
R006635,0.3626900458684711,0
R006651,0.19063970888710505,0
R006685,0.17904068716976834,0
R007215,0.653086876938857,1
R008871,0.4814892258617479,1
R009089,0.706632068110181,1
R009548,0.07670048064593983,0
R001008,0.5665223032201615,1
R001262,0.6343298321304933,1
R001464,0.4201617629232773,0
R001506,0.6875072105652129,1
R002492,0.5059952682994859,1
R002806,0.4230196347271208,0
R003359,0.6898184106470684,1
R003389,0.3097097211008765,0
R003678,0.621199288047752,1
R004505,0.31960268231502237,0
R005675,0.4594027881683693,1
R006111,0.591672194113639,1
R007876,0.42566448440877197,0
R009507,0.21677132376543876,0
R009851,0.6245301781279958,1
R001087,0.6703623395537385,1
R008126,0.5156911381484974,1
R009959,0.3078965417734428,0
R000482,0.426180937965251,0
R000938,0.6034046394140895,1
R001688,0.6373006114731241,1
R001878,0.39771405152702616,0
R002101,0.6326130389547873,1
R002286,0.557763911970731,1
R002729,0.23546082197189475,0
R002756,0.5181240686417061,1
R004424,0.28338947232233874,0
R009062,0.342155691898919,0
R001243,0.5673431873979577,1
R001911,0.36939208903457504,0
R001968,0.7245314819391774,1
R002182,0.4349541663888957,0
R002776,0.4601880307410811,1
R003443,0.16336995709336877,0
R006510,0.2847870285724736,0
R006898,0.23827379003302532,0
R007284,0.47859885179162454,1
R008544,0.40345041172674134,0
R009237,0.6471311976479913,1
R009673,0.7338720894244127,1
R009722,0.3044650937152688,0
R002049,0.5661048974169435,1
R002081,0.6657604261897788,1
R008739,0.5770269118356467,1
R009272,0.4804130209213037,1
R000115,0.5865754301183655,1
R000250,0.38488791134367867,0
R000951,0.17426480469392136,0
R001595,0.5483692593336283,1
R003082,0.39782699589818266,0
R003742,0.11256771510166208,0
R004819,0.28026553053304604,0
R005126,0.6983236245374302,1
R005467,0.7985179527164702,1
R006127,0.5909135469944022,1
R007327,0.5836888643953804,1
R007726,0.29392055952347057,0
R008181,0.5337673330134272,1
R005025,0.3068295313841471,0
R005499,0.30087969182473917,0
R005520,0.17406898920641817,0
R007319,0.551225956762482,1
R000627,0.5722463438009788,1
R001538,0.5464590742912087,1
R004513,0.6053993390896973,1
R004550,0.33924030855961723,0
R005435,0.5313502887143309,1
R006624,0.5051474886362082,1
R007004,0.5290262560066213,1
R009346,0.39802888174228207,0
R000540,0.6304378420386078,1
R000842,0.5609751295122495,1
R001993,0.6226896592899512,1
R003081,0.38610637947871607,0
R004180,0.6322267202683992,1
R005083,0.42493880487208957,0
R005833,0.4193110928440798,0
R007623,0.3714796675086461,0
R007953,0.8492119690198733,1
R008342,0.6707105285828029,1
R008793,0.5078354737684003,1
R000324,0.5746462361088697,1
R001328,0.6251561989854653,1
R001339,0.7073719009783962,1
R002348,0.5410575773856648,1
R005151,0.33398442514578214,0
R005284,0.5841696334342759,1
R005882,0.26522201209805374,0
R006591,0.635763620097124,1
R006785,0.6459078551204643,1
R008636,0.4195945321330586,0
R000665,0.34478579569051077,0
R000925,0.16036134406267594,0
R002138,0.4984032496842372,1
R003070,0.621438377812103,1
R005461,0.6210879542273432,1
R005815,0.307224982440114,0
R007845,0.4110881251713453,0
R008333,0.5082973997835297,1
R009256,0.4768201482520167,1
R000952,0.5491573656216266,1
R001295,0.5556603398313428,1
R001979,0.24064720982521043,0
R002820,0.34066820758705957,0
R003571,0.26321804188129533,0
R003634,0.6221386849743334,1
R006086,0.27350627939854616,0
R007228,0.43914010560673206,0
R007956,0.418884885540791,0
R000188,0.2383827217734457,0
R000634,0.4162386880631541,0
R002764,0.7715058050509382,1
R003541,0.35572681197066736,0
R007271,0.5690499999870842,1
R008406,0.2883751844105821,0
R004679,0.6508027950718404,1
R005549,0.4741052835554208,1
R005685,0.24888309682968462,0
R006970,0.6626088505182954,1
R007286,0.5970163921063188,1
R007490,0.5570525195707579,1
R000748,0.3188575299324655,0
R002647,0.6952670481227144,1
R003025,0.21580867701932002,0
R006523,0.3801562563228845,0
R007059,0.23941379712506725,0
R007813,0.5972725601376672,1
R009205,0.38336485860871866,0
R001221,0.6407888762163682,1
R001265,0.48687275624867643,1
R002056,0.6145824510634634,1
R003463,0.5496317949440503,1
R004414,0.6478699975566387,1
R005509,0.5922405151457316,1
R006705,0.583943403063924,1
R008450,0.336564076016618,0
R009007,0.27007137349274885,0
R009228,0.16616891903280623,0
R001682,0.46213633395368164,1
R004626,0.29308832931775564,0
R004706,0.4704981202318211,1
R004741,0.33398700157365246,0
R004842,0.5166621946037379,1
R002553,0.41006147031827844,0
R004715,0.25195126593850836,0
R006814,0.6180048303129495,1
R007701,0.5915390507438424,1
R001264,0.42379256282951305,0
R001365,0.35778147643918556,0
R003174,0.6087565819913052,1
R003207,0.6678508698268422,1
R003746,0.5135720246506036,1
R003954,0.3235815815739156,0
R004913,0.7006001196424022,1
R005204,0.0885327367641291,0
R005360,0.5516447467847974,1
R006383,0.38030655167336463,0
R007674,0.19065323451488317,0
R001353,0.40391361255176134,0
R002128,0.6657352669644483,1
R002612,0.6887530682701197,1
R003525,0.5091386740302686,1
R003951,0.6680819941333702,1
R004471,0.6948574979432518,1
R008092,0.15927152993994526,0
R008315,0.29012087931216995,0
R009106,0.5330686845738375,1
R000905,0.5548654884865696,1
R002824,0.6566464923665221,1
R004164,0.5897837619043234,1
R005186,0.5971591423298441,1
R008176,0.19088016122366985,0
R001017,0.6816929460645155,1
R003803,0.5414754530420234,1
R004158,0.6381523264596398,1
R004403,0.6152651480797325,1
R005344,0.6074422708236173,1
R005427,0.3157079309737109,0
R006015,0.29027802532035846,0
R008286,0.2403941419383638,0
R008289,0.5939650460510799,1
R009282,0.5778363022687112,1
R009451,0.44723050628833905,0
R000248,0.2271426004748542,0
R000337,0.6901169952051677,1
R002888,0.5266737305921644,1
R003706,0.5305964313242104,1
R005283,0.5084382024323647,1
R006085,0.2688506116085617,0
R006092,0.12437648123552643,0
R008194,0.5896199261582423,1
R008377,0.44170451660697696,0
R009474,0.33842304878380886,0
R000160,0.14881024322075756,0
R002413,0.6068806487075927,1
R005473,0.22304681635777068,0
R007108,0.5893294555448658,1
R009257,0.691589487121871,1
R000780,0.2549517747467904,0
R003624,0.14952060788181265,0
R003728,0.5341844118886433,1
R004120,0.47443860774524654,1
R005092,0.5182526471108039,1
R005484,0.45040243013996833,1
R005796,0.5022119144131736,1
R006699,0.5888228351149476,1
R001807,0.38267586111263613,0
R001916,0.6077044951644901,1
R002890,0.30745641319103206,0
R003574,0.23085630121176445,0
R003926,0.2800169859038029,0
R004097,0.3307371903179884,0
R004274,0.6741766228235181,1
R005970,0.5597857214478501,1
R005995,0.2906715119136967,0
R009944,0.28709090381869,0
R000449,0.4628569648007632,1
R001686,0.3763037897792666,0
R001959,0.5610524870577273,1
R003488,0.40199966845713225,0
R004128,0.6109621360342248,1
R006149,0.40980723193057145,0
R006820,0.45974465735092496,1
R008120,0.6087942878675807,1
R009317,0.48055118424133564,1
R000310,0.3408975262812741,0
R001477,0.33026332550282994,0
R002109,0.390941509110681,0
R003001,0.5899751982064785,1
R003484,0.38823228241062785,0
R003990,0.5870934684170539,1
R006992,0.6363383586230088,1
R009090,0.4529568374961264,1
R009171,0.4085456708783827,0
R000577,0.6406084963022144,1
R001023,0.5769139780596302,1
R004690,0.7613673045552402,1
R005004,0.5546510353439282,1
R005139,0.6294347915291689,1
R005243,0.6391089425169912,1
R005696,0.2307192927748075,0
R006848,0.5047299636985011,1
R000216,0.5622004781165355,1
R002681,0.22993386370485056,0
R003519,0.23714278781710157,0
R006716,0.33011294252241613,0
R009360,0.6595471310047561,1
R000131,0.4409151708760167,0
R003523,0.2804874806772843,0
R003854,0.501007753770409,1
R005497,0.24792691226370356,0
R006363,0.3913707096548937,0
R007992,0.5954604451351047,1
R009175,0.29418961870224447,0
R000385,0.33582616488561273,0
R000438,0.19906611536243685,0
R003336,0.5727630208623464,1
R004697,0.565955134503863,1
R005848,0.6722170991404177,1
R005972,0.17882883115890844,0
R008619,0.4385068677387265,0
R001523,0.7602276425814326,1
R003048,0.5005325157306935,1
R003622,0.6920413547195149,1
R004208,0.6520712200881065,1
R005915,0.49917852472457985,1
R006158,0.6618497896861137,1
R009906,0.6027481039732634,1
R001623,0.13239393703037386,0
R002045,0.30744307749719146,0
R002743,0.49704991123878006,1
R004462,0.5947390629584645,1
R005854,0.7753484713574289,1
R006068,0.5910677135006115,1
R008841,0.42840768367007187,0
R008892,0.4448644146779283,0
R008936,0.2676430716956272,0
R000574,0.6692200862194784,1
R002763,0.36532816149455277,0
R003375,0.28943570589953055,0
R003492,0.6600630561214819,1
R003988,0.5502635517980069,1
R004938,0.5332182956023438,1
R005015,0.623495026143618,1
R005038,0.3042526280802897,0
R009971,0.2371119217056918,0
R009985,0.3742489173777126,0
R000621,0.4748123647029977,1
R000673,0.2784853091025864,0
R002777,0.6789149083290529,1
R003481,0.3024615821658043,0
R003552,0.5254652908025111,1
R004107,0.3285644884625591,0
R006034,0.5880988507535805,1
R006810,0.5889411856854575,1
R007114,0.5577826712252283,1
R008933,0.2794041276804394,0
R009353,0.33113663903114554,0
R009743,0.6983327227366907,1
R000339,0.545836896961764,1
R005006,0.19715585137648456,0
R006002,0.729884183403224,1
R007360,0.4217235826356053,0
R008175,0.6266393032237162,1
R008730,0.6045001863860513,1
R009181,0.6427158702108733,1
R009472,0.7238666229252093,1
R009517,0.4767866250509924,1
R000180,0.1979406811306892,0
R001039,0.6072108766807783,1
R001069,0.31922801080977414,0
R004798,0.4038267267346291,0
R004801,0.5110698074468917,1
R005887,0.49354019043827263,1
R006457,0.5708020851683822,1
R006594,0.5518929909894407,1
R006755,0.64113944247273,1
R008320,0.47025135032683774,1
R009397,0.498128360466794,1
R009445,0.22890078337334183,0
R000848,0.27283335219004223,0
R000937,0.5778646125789855,1
R002632,0.12698816412901887,0
R003139,0.43669051294699224,0
R005229,0.09792320147497413,0
R007612,0.5293082789516503,1
R007949,0.5389031658744667,1
R009447,0.38379203089758634,0
R009634,0.5008373260356046,1
R000239,0.7487950255892319,1
R000614,0.5083864243766204,1
R001801,0.6365441031433979,1
R002364,0.6330059785034671,1
R002469,0.5220057122253916,1
R004214,0.5517454319250236,1
R005313,0.3531992893620704,0
R005490,0.6825244102007066,1
R005938,0.5569931466129817,1
R006662,0.3696783536954554,0
R007187,0.3454642284352956,0
R007467,0.5132974403506559,1
R001364,0.31584501308358937,0
R001999,0.624356837287989,1
R002015,0.07203094183582215,0
R004470,0.2741181853645804,0
R005521,0.18548918487368143,0
R006966,0.5601092071659388,1
R008481,0.5835831582516399,1
R002487,0.37677852475048396,0
R002919,0.5207134067163576,1
R003811,0.20635425728773985,0
R005669,0.5601461698858916,1
R007064,0.14207518421451476,0
R007339,0.3291513200857917,0
R008392,0.5238674540072508,1
R008624,0.6791046338322649,1
R002713,0.5159748620623841,1
R007293,0.5936181867618612,1
R007440,0.18357387180812645,0
R007833,0.6136874485180829,1
R008214,0.5291257528660525,1
R002540,0.4787663613218553,1
R003253,0.5700431310826417,1
R005403,0.4621473782321955,1
R006735,0.7162132374639335,1
R007137,0.27113477015919224,0
R002969,0.7169355003204142,1
R003370,0.45702549117694674,1
R003451,0.5675098986770507,1
R005751,0.4782459435537035,1
R005752,0.272749797544247,0
R006090,0.2843341890657359,0
R007394,0.33359060299928683,0
R008273,0.36450525735056566,0
R008861,0.33335235475212205,0
R009586,0.4398559886844903,0
R000502,0.1820289014879443,0
R000537,0.4463006844601345,0
R002797,0.7145969648878402,1
R004143,0.28229595067185576,0
R005959,0.6151524922050863,1
R007574,0.23331458811713854,0
R008786,0.47034719439926587,1
R008904,0.632458796171593,1
R000364,0.5564213537223778,1
R001273,0.6308209162039827,1
R002589,0.7037042163872224,1
R003586,0.30240275765051583,0
R003880,0.4434852965844612,0
R004756,0.7920417873969853,1
R006414,0.2992822632703,0
R006601,0.7294931910684793,1
R007885,0.3703501146291453,0
R008430,0.3853126824077856,0
R008803,0.45336097305472817,1
R009241,0.42429529626881124,0
R009558,0.5420509472800731,1
R009631,0.3075204419160319,0
R000345,0.4840733581655952,1
R001454,0.28660548953166964,0
R003058,0.4734037143329319,1
R003683,0.643578190804054,1
R004126,0.6378287702695649,1
R004484,0.5391220390845792,1
R005029,0.29753414098558145,0
R005214,0.7094990601537047,1
R005829,0.40155083449738993,0
R006096,0.3530306014847819,0
R007652,0.5102260247281525,1
R007722,0.4166242208741261,0
R008631,0.6933993504139369,1
R009632,0.4462489086497547,0
R001577,0.412083889135912,0
R004686,0.5663281369078199,1
R006116,0.7537308962876169,1
R007797,0.49238950964314376,1
R009701,0.4680529132407028,1
R001809,0.6154384595883761,1
R001853,0.7269096376984869,1
R001903,0.34868703310152016,0
R002717,0.38913413204306174,0
R004420,0.5323559097445213,1
R005119,0.6700903549393994,1
R005587,0.44132685264993887,0
R007762,0.4605278552786824,1
R008013,0.16835531326985423,0
R008992,0.4107513866857393,0
R009536,0.40953645631605345,0
R009680,0.5127547194775257,1
R000183,0.33680877469489906,0
R000386,0.5969777554001695,1
R001244,0.5169128598649325,1
R002587,0.5149842451334198,1
R005722,0.4887768251560107,1
R007898,0.5303254350529815,1
R008160,0.37166761308466795,0
R008422,0.5528812410820932,1
R008848,0.5530619372445484,1
R009869,0.7090995071864435,1
